id,create_date,create_time,epoch_time
1,12/28/2021,0:00:00,1640649600
2,12/28/2021,0:00:01,1640649601
3,12/28/2021,0:01:01,1640649661
4,12/28/2021,0:02:01,1640649721
5,12/28/2021,0:03:01,1640649781
6,12/28/2021,0:04:01,1640649841
7,12/28/2021,0:05:00,1640649900
8,12/28/2021,0:06:01,1640649961
9,12/28/2021,0:07:01,1640650021
10,12/28/2021,0:08:01,1640650081
11,12/28/2021,0:09:01,1640650141
12,12/28/2021,0:10:01,1640650201
13,12/28/2021,0:11:00,1640650260
14,12/28/2021,0:12:01,1640650321
15,12/28/2021,0:15:01,1640650501
16,12/28/2021,1:00:00,1640653200
17,12/28/2021,1:01:01,1640653261
18,12/28/2021,1:02:01,1640653321
19,12/28/2021,1:02:02,1640653322
20,12/28/2021,1:03:01,1640653381
21,12/28/2021,1:04:01,1640653441
22,12/28/2021,1:05:00,1640653500
23,12/28/2021,1:06:01,1640653561
24,12/28/2021,1:07:01,1640653621
25,12/28/2021,1:08:01,1640653681
26,12/28/2021,1:09:01,1640653741
27,12/28/2021,1:10:01,1640653801
28,12/28/2021,1:11:00,1640653860
29,12/28/2021,1:12:01,1640653921
30,12/28/2021,1:15:01,1640654101
31,12/28/2021,2:00:00,1640656800
32,12/28/2021,2:01:01,1640656861
33,12/28/2021,2:02:01,1640656921
34,12/28/2021,2:02:02,1640656922
35,12/28/2021,2:03:01,1640656981
36,12/28/2021,2:04:01,1640657041
37,12/28/2021,2:05:00,1640657100
38,12/28/2021,2:06:01,1640657161
39,12/28/2021,2:07:01,1640657221
40,12/28/2021,2:08:01,1640657281
41,12/28/2021,2:09:01,1640657341
42,12/28/2021,2:10:01,1640657401
43,12/28/2021,2:11:00,1640657460
44,12/28/2021,2:12:01,1640657521
45,12/28/2021,2:15:01,1640657701
46,12/28/2021,3:00:00,1640660400
47,12/28/2021,3:01:01,1640660461
48,12/28/2021,3:02:01,1640660521
49,12/28/2021,3:02:02,1640660522
50,12/28/2021,3:03:01,1640660581
51,12/28/2021,3:04:01,1640660641
52,12/28/2021,3:05:00,1640660700
53,12/28/2021,3:06:01,1640660761
54,12/28/2021,3:07:01,1640660821
55,12/28/2021,3:08:01,1640660881
56,12/28/2021,3:09:01,1640660941
57,12/28/2021,3:10:01,1640661001
58,12/28/2021,3:11:00,1640661060
59,12/28/2021,3:12:01,1640661121
60,12/28/2021,3:15:01,1640661301
61,12/28/2021,4:00:00,1640664000
62,12/28/2021,4:01:01,1640664061
63,12/28/2021,4:02:01,1640664121
64,12/28/2021,4:02:02,1640664122
65,12/28/2021,4:03:01,1640664181
66,12/28/2021,4:04:01,1640664241
67,12/28/2021,4:05:00,1640664300
68,12/28/2021,4:06:01,1640664361
69,12/28/2021,4:07:01,1640664421
70,12/28/2021,4:08:01,1640664481
71,12/28/2021,4:09:01,1640664541
72,12/28/2021,4:10:01,1640664601
73,12/28/2021,4:11:00,1640664660
74,12/28/2021,4:12:01,1640664721
75,12/28/2021,4:15:01,1640664901
76,12/28/2021,4:30:00,1640665800
77,12/28/2021,4:31:01,1640665861
78,12/28/2021,4:32:01,1640665921
79,12/28/2021,4:32:02,1640665922
80,12/28/2021,4:33:01,1640665981
81,12/28/2021,4:34:01,1640666041
82,12/28/2021,4:35:00,1640666100
83,12/28/2021,4:36:01,1640666161
84,12/28/2021,4:37:01,1640666221
85,12/28/2021,4:38:01,1640666281
86,12/28/2021,4:39:01,1640666341
87,12/28/2021,4:40:01,1640666401
88,12/28/2021,4:41:00,1640666460
89,12/28/2021,4:42:01,1640666521
90,12/28/2021,4:45:01,1640666701
91,12/28/2021,5:00:00,1640667600
92,12/28/2021,5:01:01,1640667661
93,12/28/2021,5:02:01,1640667721
94,12/28/2021,5:02:02,1640667722
95,12/28/2021,5:03:01,1640667781
96,12/28/2021,5:04:01,1640667841
97,12/28/2021,5:05:00,1640667900
98,12/28/2021,5:06:01,1640667961
99,12/28/2021,5:07:01,1640668021
100,12/28/2021,5:08:01,1640668081
